feature_index,feature_name,data_type,missing_values,unique_values,model_usage
0,FILENAME,object,0,235795,Engineered URL/web features for traditional ML models
1,URL,object,0,235370,Raw URL text for DistilBERT
2,URLLength,int64,0,482,Engineered URL/web features for traditional ML models
3,Domain,object,0,220086,Engineered URL/web features for traditional ML models
4,DomainLength,int64,0,101,Engineered URL/web features for traditional ML models
5,IsDomainIP,int64,0,2,Engineered URL/web features for traditional ML models
6,TLD,object,0,695,Engineered URL/web features for traditional ML models
7,URLSimilarityIndex,float64,0,36360,Engineered URL/web features for traditional ML models
8,CharContinuationRate,float64,0,898,Engineered URL/web features for traditional ML models
9,TLDLegitimateProb,float64,0,465,Engineered URL/web features for traditional ML models
10,URLCharProb,float64,0,227421,Engineered URL/web features for traditional ML models
11,TLDLength,int64,0,12,Engineered URL/web features for traditional ML models
12,NoOfSubDomain,int64,0,10,Engineered URL/web features for traditional ML models
13,HasObfuscation,int64,0,2,Engineered URL/web features for traditional ML models
14,NoOfObfuscatedChar,int64,0,20,Engineered URL/web features for traditional ML models
15,ObfuscationRatio,float64,0,146,Engineered URL/web features for traditional ML models
16,NoOfLettersInURL,int64,0,421,Engineered URL/web features for traditional ML models
17,LetterRatioInURL,float64,0,709,Engineered URL/web features for traditional ML models
18,NoOfDegitsInURL,int64,0,182,Engineered URL/web features for traditional ML models
19,DegitRatioInURL,float64,0,575,Engineered URL/web features for traditional ML models
20,NoOfEqualsInURL,int64,0,25,Engineered URL/web features for traditional ML models
21,NoOfQMarkInURL,int64,0,5,Engineered URL/web features for traditional ML models
22,NoOfAmpersandInURL,int64,0,31,Engineered URL/web features for traditional ML models
23,NoOfOtherSpecialCharsInURL,int64,0,74,Engineered URL/web features for traditional ML models
24,SpacialCharRatioInURL,float64,0,240,Engineered URL/web features for traditional ML models
25,IsHTTPS,int64,0,2,Engineered URL/web features for traditional ML models
26,LineOfCode,int64,0,10738,Engineered URL/web features for traditional ML models
27,LargestLineLength,int64,0,26181,Engineered URL/web features for traditional ML models
28,HasTitle,int64,0,2,Engineered URL/web features for traditional ML models
29,Title,object,0,197874,Engineered URL/web features for traditional ML models
30,DomainTitleMatchScore,float64,0,152,Engineered URL/web features for traditional ML models
31,URLTitleMatchScore,float64,0,497,Engineered URL/web features for traditional ML models
32,HasFavicon,int64,0,2,Engineered URL/web features for traditional ML models
33,Robots,int64,0,2,Engineered URL/web features for traditional ML models
34,IsResponsive,int64,0,2,Engineered URL/web features for traditional ML models
35,NoOfURLRedirect,int64,0,2,Engineered URL/web features for traditional ML models
36,NoOfSelfRedirect,int64,0,2,Engineered URL/web features for traditional ML models
37,HasDescription,int64,0,2,Engineered URL/web features for traditional ML models
38,NoOfPopup,int64,0,115,Engineered URL/web features for traditional ML models
39,NoOfiFrame,int64,0,119,Engineered URL/web features for traditional ML models
40,HasExternalFormSubmit,int64,0,2,Engineered URL/web features for traditional ML models
41,HasSocialNet,int64,0,2,Engineered URL/web features for traditional ML models
42,HasSubmitButton,int64,0,2,Engineered URL/web features for traditional ML models
43,HasHiddenFields,int64,0,2,Engineered URL/web features for traditional ML models
44,HasPasswordField,int64,0,2,Engineered URL/web features for traditional ML models
45,Bank,int64,0,2,Engineered URL/web features for traditional ML models
46,Pay,int64,0,2,Engineered URL/web features for traditional ML models
47,Crypto,int64,0,2,Engineered URL/web features for traditional ML models
48,HasCopyrightInfo,int64,0,2,Engineered URL/web features for traditional ML models
49,NoOfImage,int64,0,992,Engineered URL/web features for traditional ML models
50,NoOfCSS,int64,0,209,Engineered URL/web features for traditional ML models
51,NoOfJS,int64,0,253,Engineered URL/web features for traditional ML models
52,NoOfSelfRef,int64,0,1374,Engineered URL/web features for traditional ML models
53,NoOfEmptyRef,int64,0,296,Engineered URL/web features for traditional ML models
54,NoOfExternalRef,int64,0,1191,Engineered URL/web features for traditional ML models
